idx,name,uri,key,mode,danceability,energy,loudness,acousticness,instrumentalness,liveness,valence,tempo,new_order
1,Lavender Haze,spotify:track:4g2c7NoTWAOSYDy44l9nub,10,1,0.735,0.444,-10.519,0.204,0.0012,0.17,0.0984,97.038,1
56,Delicate,spotify:track:6NFyWDv5CjfwuzoCkw47Xf,9,0,0.75,0.404,-10.178,0.216,0.000357,0.0911,0.0499,95.045,2
10,The Great War,spotify:track:3UMrglJeju5yWyYIW6o99b,5,1,0.573,0.741,-8.987,0.219,2.23e-05,0.0842,0.554,96.016,3
3,Anti-Hero,spotify:track:02Zkkf2zMkwRGQjZ7T4p8f,4,1,0.638,0.634,-6.582,0.133,1.23e-06,0.152,0.519,96.953,4
94,Death By A Thousand Cuts,spotify:track:2dgFqt3w9xIQRjhPtwNk3D,4,1,0.712,0.732,-6.754,0.454,0.0,0.319,0.313,94.071,5
75,Style,spotify:track:1fo2ctLqj3zBhRQKOXprol,7,1,0.588,0.791,-5.595,0.00245,0.00258,0.118,0.487,94.933,6
59,Gorgeous,spotify:track:1ZY1PqizIl78geGM4xWlEA,7,1,0.8,0.535,-6.684,0.0713,9.48e-06,0.213,0.451,92.027,7
74,Out Of The Woods,spotify:track:6Nde5KuTXyB7jlPO4upaBo,7,1,0.553,0.841,-6.937,0.000743,1.19e-05,0.341,0.338,92.008,8
8,Karma,spotify:track:5oqDgw5VGBln5dSIOPWyBq,8,1,0.649,0.622,-7.054,0.074,0.0,0.594,0.106,90.024,9
111,Last Kiss,spotify:track:4h0EXpatqJImv4VRgvX6po,10,1,0.371,0.341,-9.475,0.57,3.09e-05,0.101,0.196,89.038,10
48,august,spotify:track:6nK2pIKFcRc5frrZKHgsiT,5,1,0.387,0.634,-9.222,0.553,6.93e-05,0.0931,0.42,89.567,11
38,ivy,spotify:track:43Ykum9T72UOPhBN31grpN,2,1,0.515,0.545,-9.277,0.855,1.97e-05,0.0921,0.535,88.856,12
120,the lakes - the long pond studio sessions,spotify:track:6mqyTq948oap5AkyTsd6XF,2,1,0.606,0.221,-11.767,0.794,0.0,0.0888,0.112,89.844,13
34,All Too Well (10 Minute Version) (Taylor's Version) (From The Vault),spotify:track:5enxwA8aAbwZbf5qCHORXi,0,1,0.631,0.518,-8.771,0.274,0.0,0.088,0.205,93.023,14
110,All Of The Girls You Loved Before,spotify:track:4P9Q0GojKVXpRTJCaL3kyy,2,1,0.718,0.467,-9.66,0.707,6.92e-05,0.126,0.396,95.96,15
64,New Year’s Day,spotify:track:7F5oktn5YOsR9eR5YsFtqb,0,1,0.661,0.151,-12.864,0.921,0.0,0.13,0.23,94.922,16
17,I Think He Knows,spotify:track:2YWtcWi3a83pdEg3Gif4Pd,0,1,0.897,0.366,-8.029,0.00889,0.000353,0.0715,0.416,100.003,17
27,Stay Stay Stay (Taylor's Version),spotify:track:7eQj6r5PIdYKEIZjucBMcq,0,1,0.693,0.681,-7.039,0.0848,0.0,0.0768,0.663,100.02,18
31,Nothing New (feat. Phoebe Bridgers) (Taylor’s Version) (From The Vault),spotify:track:01K4zKU104LyJ8gMb7227B,0,1,0.606,0.377,-9.455,0.817,0.0,0.154,0.446,101.96,19
93,Cornelia Street,spotify:track:12M5uqx0ZuwkpLp5rJim1a,0,1,0.824,0.624,-9.728,0.781,0.000189,0.1,0.248,102.012,20
70,Clean,spotify:track:4bXCcoesMt8u99xMsbLr9U,4,1,0.815,0.377,-7.754,0.232,0.0,0.1,0.211,103.97,21
112,Hits Different,spotify:track:3xYJScVfxByb61dYHTwiby,5,1,0.672,0.782,-6.499,0.148,4.73e-06,0.296,0.239,106.026,22
2,Maroon,spotify:track:199E1RRrVmVTQqBXih5qRC,7,1,0.658,0.378,-8.3,0.0593,0.0,0.0976,0.0382,108.034,23
101,Question...?,spotify:track:6C7OF1Jal7YkyjzyUG8vkK,7,1,0.751,0.502,-8.777,0.226,0.0,0.297,0.112,108.989,24
47,mirrorball,spotify:track:2I8YAEA1VmCuP1wkJHMpTw,7,1,0.549,0.417,-10.064,0.686,1.9e-06,0.0604,0.347,110.137,25
115,mirrorball,spotify:track:5jQyGzcwqAxwT5QUIMivoX,7,1,0.549,0.417,-10.064,0.686,1.9e-06,0.0604,0.347,110.137,26
11,Paris,spotify:track:7712gjoih4QoDbXpljEk21,7,1,0.7,0.509,-10.547,0.112,3.27e-05,0.137,0.345,110.947,27
36,gold rush,spotify:track:3Dby3p1m6IOZn2gIIqECgK,9,1,0.512,0.462,-10.491,0.83,0.166,0.121,0.353,112.05,28
21,Afterglow,spotify:track:1SymEzIT3H8UZfibCs3TYi,9,1,0.756,0.449,-8.746,0.13,0.0,0.114,0.399,111.011,29
32,Message In A Bottle (Taylor's Version) (From The Vault),spotify:track:3z6XUommYDWPHeFhmhhT6j,7,1,0.622,0.791,-6.106,0.00188,3.72e-06,0.083,0.494,115.915,30
67,Welcome To New York,spotify:track:33Kq0AT5rvwyE4azisG08x,7,1,0.789,0.634,-4.762,0.0348,1.64e-06,0.302,0.658,116.992,31
79,Speak Now,spotify:track:1nYWTzy5zu3zEPNgB1sItW,7,1,0.709,0.599,-3.734,0.095,0.0,0.0973,0.735,118.975,32
77,Mine,spotify:track:6LZaxlycSWrJZ4Volb25qx,7,1,0.624,0.757,-2.94,0.00265,1.87e-06,0.189,0.658,121.07,33
106,Mine (Taylor's Version),spotify:track:7G0gBu6nLdhFDPRLc0HdDG,7,1,0.646,0.783,-2.846,0.00444,1.38e-06,0.171,0.49,121.08,34
108,I Can See You (Taylor’s Version) (From The Vault),spotify:track:5kHMfzgLZP95O9NBy0ku4v,6,1,0.694,0.764,-4.893,0.0586,0.0,0.0608,0.819,123.044,35
69,New Romantics,spotify:track:6rZVy6FIG7lSJQMFXHo12z,5,1,0.633,0.889,-5.87,0.00463,0.000458,0.0658,0.584,121.956,36
80,Dear John,spotify:track:1ubvV5ECkm6nSI6g1HmbBK,4,1,0.589,0.47,-5.32,0.166,1.45e-06,0.112,0.102,119.386,37
29,The Lucky One (Taylor's Version),spotify:track:4e5ayHsOLJNLTGfjau2mEw,4,1,0.686,0.571,-7.138,0.066,0.0,0.0608,0.538,117.889,38
37,dorothea,spotify:track:66tOfHVH3aUrscg8vExRV4,4,1,0.605,0.488,-8.322,0.696,0.0,0.129,0.354,119.966,39
4,"You're On Your Own, Kid",spotify:track:7gVWKBcfIW93YxNBi3ApIE,2,1,0.694,0.38,-10.307,0.416,8.47e-06,0.126,0.376,120.044,40
63,Dress,spotify:track:6oVxXO5oQ4pTpO8RSnkzvv,0,1,0.719,0.469,-8.792,0.0329,0.0,0.169,0.0851,120.085,41
65,I Don’t Wanna Live Forever (Fifty Shades Darker),spotify:track:55n9yjI6qqXh5F2mYvUc2y,0,1,0.731,0.445,-8.418,0.0586,1.96e-05,0.14,0.106,117.97,42
76,I Wish You Would,spotify:track:1B5VzXPqMlvRw0U4HJY3dJ,0,1,0.653,0.893,-5.966,0.0158,4.95e-05,0.102,0.513,118.035,43
16,The Archer,spotify:track:3pHkh7d0lzM2AldUtz2x37,0,1,0.292,0.574,-9.375,0.12,0.00569,0.0663,0.166,124.344,44
41,evermore (feat. Bon Iver),spotify:track:6Wlq9rqkxrqj5Kls4Kw14H,1,1,0.39,0.27,-10.673,0.937,0.00227,0.111,0.32,125.177,45
39,cowboy like me,spotify:track:52OkpDsU6MmPx1AwGOb6Ap,0,1,0.604,0.517,-9.014,0.768,0.000155,0.123,0.511,127.967,46
44,cardigan,spotify:track:0KRYCBwIpWYFNrXOmXbyUh,0,0,0.612,0.58,-8.572,0.525,0.000414,0.26,0.534,130.045,47
97,Christmas Tree Farm (Old Timey Version),spotify:track:7r7j12XctfJqZWXsy1Zq9L,0,1,0.487,0.486,-6.548,0.402,0.0,0.401,0.529,129.765,48
45,my tears ricochet,spotify:track:5P2bHCDM2tsgIaYWsZMhu5,0,1,0.456,0.265,-10.663,0.814,0.0,0.0679,0.112,129.947,49
9,Mastermind,spotify:track:56hioFjQ0DXrdn04hZcFgG,4,1,0.661,0.352,-14.077,0.571,0.00147,0.0884,0.13,125.934,50
103,Sad Beautiful Tragic (Taylor's Version),spotify:track:21SralRv4ucDT3i1rYrr85,7,1,0.601,0.406,-11.827,0.622,9.19e-05,0.133,0.232,130.059,51
57,Look What You Made Me Do,spotify:track:1P17dC1amhFzptugyAO7Il,9,0,0.766,0.709,-6.471,0.204,1.41e-05,0.126,0.506,128.07,52
24,State Of Grace (Taylor's Version),spotify:track:6lzc0Al0zfZOIFsFvBS1ki,9,1,0.594,0.713,-5.314,0.000328,0.0,0.114,0.328,129.958,53
113,Forever & Always (Taylor’s Version),spotify:track:1msEuwSBneBKpVCZQcFTsU,10,1,0.598,0.821,-4.433,0.0231,0.0,0.143,0.673,128.03,54
86,You Belong With Me (Taylor’s Version),spotify:track:1qrpoAMXodY6895hGKoUpA,6,1,0.632,0.773,-4.856,0.0623,0.0,0.0885,0.474,130.033,55
87,You’re Not Sorry (Taylor’s Version),spotify:track:6iiAfo4wTA2CVC3Uwx9uh8,6,1,0.506,0.444,-4.99,0.0538,0.0,0.123,0.241,133.873,56
96,Christmas Tree Farm,spotify:track:2mvabkN1i2gLnGAPUVdwek,7,1,0.598,0.68,-4.505,0.06,0.0,0.324,0.437,134.002,57
55,Don’t Blame Me,spotify:track:1R0a2iXumgCiFb7HEZ7gUE,9,0,0.615,0.534,-6.719,0.106,1.76e-05,0.0607,0.193,135.917,58
88,Mr. Perfectly Fine (Taylor’s Version) (From The Vault),spotify:track:2CYVETnhM9aytqrazYYwrK,11,0,0.66,0.817,-6.269,0.162,0.0,0.0667,0.714,135.942,59
42,right where you left me - bonus track,spotify:track:3zwMVvkBe2qIKDObWgXw4N,10,1,0.581,0.619,-6.524,0.769,0.000106,0.117,0.645,137.915,60
73,Wildest Dreams,spotify:track:106R7Z57WYzBAfrXImV30y,8,1,0.55,0.688,-7.416,0.0692,0.00144,0.106,0.465,139.997,61
12,Glitch,spotify:track:6wAFvJPpTZVirBKGZ4EnMW,11,0,0.675,0.466,-9.738,0.361,0.0,0.11,0.347,140.864,62
49,this is me trying,spotify:track:7cm50Lw03k6VvRauJtkyTj,9,1,0.511,0.478,-9.837,0.312,2.3e-05,0.147,0.408,135.882,63
114,this is me trying,spotify:track:5DnDBYrfGoxdnomqEAkFIv,9,1,0.511,0.478,-9.837,0.312,2.3e-05,0.147,0.408,135.882,64
118,mad woman - the long pond studio sessions,spotify:track:04xrhDrQ2WOW8GLwu7kbc0,3,1,0.663,0.465,-10.463,0.887,0.000168,0.109,0.346,141.834,65
72,This Love,spotify:track:1kTPQnabROVkW9bUXdCGrB,4,1,0.481,0.435,-8.795,0.678,0.0,0.0928,0.107,143.95,66
95,This Love (Taylor’s Version),spotify:track:4d1CG5ei1E2vGbvmgf5KKv,4,1,0.47,0.494,-8.672,0.302,0.0,0.0672,0.0524,144.039,67
26,I Almost Do (Taylor's Version),spotify:track:2r9CbjYgFhtAmcFv1cSquB,4,1,0.511,0.559,-6.587,0.0167,0.0,0.113,0.248,145.88,68
109,Castles Crumbling (feat. Hayley Williams) (Taylor’s Version) (From The Vault),spotify:track:4ABYxlb92WBIjHu7TIKmml,7,1,0.576,0.57,-7.925,0.362,0.0,0.0668,0.378,147.803,69
119,peace - the long pond studio sessions,spotify:track:4YHHz3VIXgNDGdoL9xC1tx,5,1,0.619,0.344,-11.472,0.93,7.61e-05,0.0734,0.513,149.897,70
51,peace,spotify:track:6JlI8Ay77m4nJvZTHvfT1J,5,1,0.644,0.284,-12.879,0.916,1.5e-05,0.0909,0.328,150.072,71
23,Daylight,spotify:track:1fzAuUVbzlhZ1lJAx9PtY6,0,1,0.557,0.496,-9.602,0.808,0.000173,0.0772,0.265,149.983,72
33,I Bet You Think About Me (feat. Chris Stapleton) (Taylor’s Version) (From The Vault),spotify:track:4CkgMiMqZ5JzW9iYXSTMTL,0,1,0.391,0.715,-4.516,0.167,0.0,0.183,0.473,149.654,73
78,Back To December,spotify:track:7lxADouiWFkwR7ZV2GKUcH,2,1,0.529,0.67,-4.663,0.117,0.0,0.334,0.286,141.893,74
82,The Story Of Us,spotify:track:19tHCfzUSoy5HkpxcmbA0A,4,1,0.543,0.818,-3.611,0.00478,0.000368,0.0357,0.683,139.898,75
43,the 1,spotify:track:4pfrrhvplbJZAIsfosGWQP,0,1,0.78,0.361,-6.942,0.75,7.14e-06,0.108,0.163,139.902,76
5,Midnight Rain,spotify:track:6Nl7KyvjkFncGsjB49SxLl,0,1,0.636,0.377,-11.721,0.71,6.51e-05,0.115,0.23,139.966,77
18,Miss Americana & The Heartbreak Prince,spotify:track:214nt20w5wOxJnY462klLw,11,0,0.662,0.747,-6.926,0.028,0.00615,0.138,0.487,150.088,78
28,Holy Ground (Taylor's Version),spotify:track:7J4b3LVCIGO4CMBDFLPoP6,9,1,0.622,0.809,-5.623,0.0288,0.00218,0.109,0.511,156.894,79
100,"Would've, Could've, Should've",spotify:track:0aV5uARAknQgYhBaK944FP,7,1,0.483,0.84,-6.508,0.43,0.000575,0.146,0.55,157.979,80
53,...Ready For It?,spotify:track:2yLa0QULdQr0qAIvVwN6B5,2,1,0.613,0.764,-6.509,0.0527,0.0,0.197,0.417,160.015,81
62,Dancing With Our Hands Tied,spotify:track:7I7JbDv63ZJJsSi24DyJrz,0,0,0.624,0.691,-6.686,0.0604,1.1e-05,0.138,0.284,160.024,82
71,I Know Places,spotify:track:2zfgVd034GlUvk7LqBHl6u,0,1,0.602,0.755,-4.991,0.245,0.0,0.178,0.495,159.965,83
40,long story short,spotify:track:5VYWxXUpxuxEmCqMLDqICo,0,1,0.546,0.73,-7.704,0.66,0.179,0.0972,0.573,157.895,84
104,The Alcott (feat. Taylor Swift),spotify:track:6INztpNwOTlfSKTuPo0HOP,0,1,0.368,0.463,-10.595,0.811,0.0017,0.109,0.447,156.008,85
6,Bejeweled,spotify:track:0jvo9CjnbR0lYUDTSNTMiu,7,1,0.7,0.55,-9.13,0.0661,0.000102,0.091,0.412,164.003,86
98,Call It What You Want,spotify:track:1GwMQaZz6Au3QLDbjbMdme,9,1,0.598,0.504,-9.874,0.186,0.000221,0.34,0.252,163.954,87
83,Enchanted,spotify:track:14LtANuaslKWyYbktUrHBU,8,1,0.455,0.623,-3.878,0.0739,0.000424,0.146,0.208,163.893,88
84,Haunted,spotify:track:11UaQaEp2LvdspTyyuE3ur,5,1,0.436,0.95,-2.627,0.0826,1.08e-06,0.149,0.352,162.088,89
81,Mean,spotify:track:4N60XfcTE1ysLZGbYgnYXq,4,1,0.568,0.761,-3.987,0.452,0.0,0.217,0.789,163.974,90
105,Renegade,spotify:track:73W5aXorr5vxrySFcoZqIN,0,1,0.53,0.712,-8.135,0.44,0.0233,0.0931,0.577,167.964,91
68,You Are In Love,spotify:track:4A2LfnduSTsE8u0ecYROxE,2,1,0.474,0.48,-8.894,0.707,0.000108,0.0903,0.319,170.109,92
60,Getaway Car,spotify:track:0VE4kBnHJUgtMf0dy6DRmW,2,1,0.562,0.689,-6.745,0.00465,2.23e-06,0.0888,0.351,172.054,93
92,champagne problems,spotify:track:0sY6ZUTh4yoctD8VIXz339,0,1,0.462,0.24,-12.077,0.92,0.0,0.113,0.32,171.319,94
52,the lakes - bonus track,spotify:track:0eFQWVz0qIxDOvhLpZ40P7,2,1,0.313,0.258,-11.532,0.842,1.3e-06,0.0948,0.268,179.947,95
66,Wonderland,spotify:track:0eTCaVOYLpJlSkbEi2jay4,3,1,0.422,0.692,-5.447,0.0493,2.57e-05,0.177,0.197,184.014,96
14,Cruel Summer,spotify:track:1BxfuPKGuaTgP7aM0Bbdwr,9,1,0.552,0.702,-5.707,0.117,2.06e-05,0.105,0.564,169.994,97
121,Bad Blood,spotify:track:6xsEAm6w9oMQYYg3jkEkMT,11,0,0.654,0.655,-7.388,0.0294,0.0,0.139,0.221,170.16,98
85,Long Live,spotify:track:7DjCRhhFo9PPzca1BjMLcf,7,1,0.418,0.68,-4.3,0.036,7.59e-05,0.114,0.142,204.12,99
25,Red (Taylor's Version),spotify:track:4OAuvHryIVv4kMDNSLuPt6,1,0,0.516,0.777,-4.908,0.00108,1.62e-06,0.0761,0.408,125.047,100
91,Treacherous (Taylor's Version),spotify:track:3S7HNKPakdwNEBFIVTL6dZ,2,1,0.645,0.593,-6.506,0.0344,0.000127,0.13,0.299,109.984,101
116,mirrorball - the long pond studio sessions,spotify:track:2yceD2hx5HhOLgkm1CITCi,2,1,0.509,0.386,-8.434,0.78,3.45e-05,0.118,0.109,109.993,102
61,King Of My Heart,spotify:track:7HuBDWi18s4aJM8UFnNheH,0,1,0.675,0.703,-7.902,0.00882,2.21e-06,0.0391,0.314,110.01,103
13,Dear Reader,spotify:track:3QF5RsWzK1lCvf2o2cY65P,0,1,0.562,0.388,-12.088,0.481,0.00145,0.117,0.159,107.747,104
7,Labyrinth,spotify:track:43q586vP8gGkYypKoSddhl,0,1,0.487,0.313,-15.434,0.791,0.348,0.124,0.141,110.039,105
102,Carolina - From The Motion Picture “Where The Crawdads Sing”,spotify:track:4axSuOg3BqsowKjRpj59RU,11,0,0.476,0.189,-13.777,0.904,4.52e-06,0.254,0.324,115.851,106
19,Paper Rings,spotify:track:4y5bvROuBDPr5fuwXbIBZR,9,1,0.811,0.719,-6.553,0.0129,1.36e-05,0.0742,0.865,103.979,107
90,Fearless (Taylor’s Version),spotify:track:77sMIMlNaSURUAXq5coCxE,5,1,0.569,0.741,-4.963,0.0122,0.0,0.333,0.43,100.118,108
99,Anti-Hero - ILLENIUM Remix,spotify:track:6C0H8ts9M6deezz0yYR6LK,1,0,0.6,0.722,-4.865,0.169,0.00017,0.288,0.388,96.957,109
54,I Did Something Bad,spotify:track:4svZDCRz4cJoneBpjpx8DJ,0,0,0.696,0.602,-6.156,0.0679,2.11e-05,0.0696,0.305,82.989,110
89,Bye Bye Baby (Taylor’s Version) (From The Vault),spotify:track:4qUijfYU8EoIWiY6oSyrgT,5,1,0.624,0.624,-7.86,0.334,0.0,0.0995,0.527,80.132,111
35,willow,spotify:track:2gVhfX2Gy1T9kDuS9azrF7,7,1,0.392,0.574,-9.195,0.833,0.00179,0.145,0.529,81.112,112
50,invisible string,spotify:track:2ehRU518I0hYqMGQnk4lDY,4,0,0.651,0.459,-11.128,0.859,6.63e-05,0.105,0.454,83.455,113
20,False God,spotify:track:5hQSXkFgbxjZo9uCwd11so,11,0,0.739,0.32,-10.862,0.736,0.000147,0.111,0.351,79.97,114
46,exile (feat. Bon Iver),spotify:track:5S4aYQAJOwJMAamANWlICO,6,1,0.31,0.374,-8.464,0.761,2.46e-05,0.11,0.16,75.938,115
30,Better Man (Taylor's Version) (From The Vault),spotify:track:4OmFmE0fzcMG6g0Y8p4eSD,4,1,0.473,0.579,-5.824,0.214,0.0,0.0877,0.255,73.942,116
58,So It Goes...,spotify:track:5PxFv9yJEg9dxvbZggykro,2,1,0.574,0.61,-7.283,0.122,1.1e-06,0.13,0.374,74.957,117
15,Lover,spotify:track:1dGr1c8CrMLDpV6mPbImSI,7,1,0.359,0.543,-7.582,0.492,1.58e-05,0.118,0.453,68.534,118
22,It’s Nice To Have A Friend,spotify:track:1SmiQ65iSAbPto6gPFlBYm,10,1,0.737,0.175,-9.912,0.971,0.000337,0.171,0.545,70.008,119
117,this is me trying - the long pond studio sessions,spotify:track:1gaLZjPrDnHQWJds2Jg4KT,9,1,0.435,0.332,-11.611,0.928,0.000898,0.0867,0.157,68.097,120
107,Enchanted (Taylor's Version),spotify:track:3sW3oSbzsfecv9XoUdGs7h,8,1,0.505,0.532,-3.526,0.012,0.0,0.149,0.216,81.907,121
